Dataset,Seed,Horizon,Model,MAE,MSE,QLIKE,Violation_Rate,Kupiec_LR,Kupiec_p,LR_Ind,N_eval,Seq_len
DAX_40,42,1,GARCH,0.1498371929429789,0.045240546525740506,0.8757132086369002,0.059275521405049394,1.561502821984675,0.21144531384812915,3.9479881515268858,911,60
DAX_40,42,1,GJR-GARCH,0.2257287834359203,0.0993237529049432,0.9555417305603672,0.059275521405049394,1.561502821984675,0.21144531384812915,6.011411983197775,911,60
DAX_40,42,1,FI-GARCH,0.15472913214583794,0.050471169463679966,0.8802157815970523,0.06147091108671789,2.359290477310992,0.12453882126191607,3.3210215637464557,911,60
DAX_40,42,1,Autoformer,0.14621373802883153,0.036057938490399365,0.869309160311449,0.0570801317233809,0.9212321012019515,0.3371516705674903,6.889124290833593,911,60
DAX_40,42,1,Informer,0.3362941418815404,0.13614172985027484,1.0299405242259512,0.03402854006586169,5.484204104035257,0.019189054233033853,12.718232601023715,911,60
DAX_40,42,1,Reformer,0.2277395246737112,0.0778524990976755,0.9777596631916388,0.05159165751920966,0.04810666227194815,0.8263911947401725,9.42962312225768,911,60
DAX_40,42,1,Transformer,0.38223353740993793,0.1764635139578084,1.0715877150121764,0.027442371020856202,11.587400240408527,0.0006640017451400304,8.42930944607454,911,60
DAX_40,42,1,GARCH-LSTM-Hybrid,0.24554106494690936,0.0991553987831869,0.9864044790317014,0.054884742041712405,0.4441586504839279,0.5051220513690519,13.748683554338129,911,60
DAX_40,42,3,GARCH,0.7779286008334813,0.7273205106517168,1.3319037414659802,0.047304730473047306,0.14145177000830245,0.7068420008606386,74.5975804480729,909,60
DAX_40,42,3,GJR-GARCH,0.7960741254166693,0.8964572309629877,1.3463693087061257,0.0484048404840484,0.04919292551539911,0.8244736413246881,86.27807481089451,909,60
DAX_40,42,3,FI-GARCH,0.7338808756183155,0.6773990705996659,1.2963646988150437,0.050605060506050605,0.006979352216205825,0.9334201715211354,88.18536858773592,909,60
DAX_40,42,3,Autoformer,0.7860687162724268,0.7272583440677595,1.331294722900433,0.045104510451045104,0.4735503936795453,0.4913583398551652,72.41811846300328,909,60
DAX_40,42,3,Informer,1.0756915179399082,1.243327529780134,1.6475382206770661,0.0319031903190319,7.151004063943219,0.007492203107550832,49.658128615376825,909,60
DAX_40,42,3,Reformer,0.7731432507028312,0.7774576868538655,1.3410253745406848,0.0407040704070407,1.760993273160011,0.18450067184525232,60.73581111833991,909,60
DAX_40,42,3,Transformer,1.215762853990033,1.5611310528421256,1.750788806640671,0.026402640264026403,12.777614502636197,0.0003507919846907903,45.303550926789256,909,60
DAX_40,42,3,GARCH-LSTM-Hybrid,0.784998745288409,0.8922424341609149,1.3350280947470137,0.04950495049504951,0.00470467962679777,0.9453154478678869,90.89667166406906,909,60
DAX_40,42,5,GARCH,1.27989190426892,1.8752541476484128,1.7152823975477105,0.050716648291069456,0.009762695020469891,0.9212920257129992,75.409502425325,907,60
DAX_40,42,5,GJR-GARCH,1.2970767990161163,2.162035530566314,1.7168851289883813,0.05402425578831312,0.3016754046545884,0.5828339940208981,75.06510682881344,907,60
DAX_40,42,5,FI-GARCH,1.224080837500346,1.7587500534426264,1.6717700536593767,0.05622932745314223,0.7135058776794381,0.3982823965898641,83.52812344503144,907,60
DAX_40,42,5,Autoformer,1.2908355626775567,1.8913265045617575,1.7156672636607178,0.05292171995589857,0.1600785262453428,0.6890842298884221,106.14073256033004,907,60
DAX_40,42,5,Informer,1.6646253519982166,2.8563784733347277,2.0621741734628865,0.03638368246968027,3.8945998378076183,0.048441577912268996,105.85311902771096,907,60
DAX_40,42,5,Reformer,1.2678762543822286,1.9355718433385265,1.705735128189629,0.050716648291069456,0.009762695020469891,0.9212920257129992,112.5043080653088,907,60
DAX_40,42,5,Transformer,1.8454623422978123,3.4871480823174417,2.1777442993605476,0.03307607497243661,6.179077780683656,0.012926963596420649,79.95045001446385,907,60
DAX_40,42,5,GARCH-LSTM-Hybrid,1.287519755698809,2.154327209092034,1.697117316793262,0.05402425578831312,0.3016754046545884,0.5828339940208981,103.12291144849445,907,60
DAX_40,42,10,GARCH,2.207504143275539,5.4405887724416555,2.3145447433751087,0.03215077605321508,6.888608308982668,0.008674677893113603,101.76849547790604,902,60
DAX_40,42,10,GJR-GARCH,2.2318199635204974,6.025374397113362,2.306475529785437,0.03991130820399113,2.070140581129465,0.15020767494526477,112.93363590298412,902,60
DAX_40,42,10,FI-GARCH,2.1288184185307477,5.143170903112585,2.2653962596868977,0.041019955654102,1.6269658683085026,0.20212322572117103,109.2181669536281,902,60
DAX_40,42,10,Autoformer,2.220775301093608,5.504359481560798,2.314317114307757,0.037694013303769404,3.1316917897529493,0.07678401970465032,131.0987813624913,902,60
DAX_40,42,10,Informer,2.747548399849933,7.632825279291281,2.6831467166049037,0.028824833702882482,9.98174709649794,0.0015809960422474845,126.4933591804018,902,60
DAX_40,42,10,Reformer,2.189087040585932,5.514090663932567,2.2903689001273344,0.041019955654102,1.6269658683085026,0.20212322572117103,109.2181669536281,902,60
DAX_40,42,10,Transformer,3.003378855831816,9.098968267448644,2.808005945705307,0.024390243902439025,15.232249064421126,9.506607229115005e-05,100.05909884289322,902,60
DAX_40,42,10,GARCH-LSTM-Hybrid,2.2190042540804997,6.014733902356128,2.2810234452366585,0.036585365853658534,3.753332275192122,0.05270234550928543,125.30060954318961,902,60
DAX_40,42,21,GARCH,3.6328964526680148,14.57969410368721,3.007446293204593,0.012345679012345678,37.64079154002246,8.50472137159386e-10,55.168560537760136,891,60
DAX_40,42,21,GJR-GARCH,3.6667752806054144,15.82274723014711,2.9935913786318555,0.013468013468013467,34.85502607108056,3.5519145402673757e-09,40.22756638408768,891,60
DAX_40,42,21,FI-GARCH,3.5200507659515377,13.85198020808821,2.9557106978595074,0.01122334455667789,40.61089918839103,1.8576762350619447e-10,47.062772222478735,891,60
DAX_40,42,21,Autoformer,3.657196728121275,14.853404488168756,3.0108112935671065,0.02132435465768799,19.480998559542797,1.016054064639782e-05,90.7918978649185,891,60
DAX_40,42,21,Informer,4.410265107733094,19.53170429885577,3.3872593162656397,0.017957351290684626,25.28356841645717,4.949069155602004e-07,108.48326178167866,891,60
DAX_40,42,21,Reformer,3.6104456208674445,14.707516468708544,2.9785966449113346,0.02356902356902357,16.161448623622306,5.816593099672307e-05,62.133580105489386,891,60
DAX_40,42,21,Transformer,4.78105326529311,22.933478553170406,3.516984089437829,0.015712682379349047,29.778042112329473,4.844479428722792e-08,78.89047016481018,891,60
DAX_40,42,21,GARCH-LSTM-Hybrid,3.6590748764944485,15.902850900964523,2.9711496350828233,0.02244668911335578,17.77005463151002,2.4927591182999365e-05,75.38904271501126,891,60
DAX_40,123,1,GARCH,0.1498371929429789,0.045240546525740506,0.8757132086369002,0.059275521405049394,1.561502821984675,0.21144531384812915,3.9479881515268858,911,60
DAX_40,123,1,GJR-GARCH,0.2257287834359203,0.0993237529049432,0.9555417305603672,0.059275521405049394,1.561502821984675,0.21144531384812915,6.011411983197775,911,60
DAX_40,123,1,FI-GARCH,0.15472913214583794,0.050471169463679966,0.8802157815970523,0.06147091108671789,2.359290477310992,0.12453882126191607,3.3210215637464557,911,60
DAX_40,123,1,Autoformer,0.1488195459598693,0.03765091880008612,0.8731462736660531,0.059275521405049394,1.561502821984675,0.21144531384812915,6.011411983197775,911,60
DAX_40,123,1,Informer,0.36338240112292264,0.15901259344783097,1.0543901102913789,0.029637760702524697,9.25420594904827,0.002349551869436972,11.359032692601176,911,60
DAX_40,123,1,Reformer,0.20501872661499743,0.07189956469028601,1.0084149992824307,0.06915477497255763,6.319068769845217,0.011944634162689427,8.693618344892457,911,60
DAX_40,123,1,Transformer,0.3778636719535883,0.17263846023236,1.0679984568845728,0.027442371020856202,11.587400240408527,0.0006640017451400304,8.42930944607454,911,60
DAX_40,123,1,GARCH-LSTM-Hybrid,0.21423175869323985,0.07349260791221907,0.9378233468346866,0.05159165751920966,0.04810666227194815,0.8263911947401725,9.42962312225768,911,60
DAX_40,123,3,GARCH,0.7779286008334813,0.7273205106517168,1.3319037414659802,0.047304730473047306,0.14145177000830245,0.7068420008606386,74.5975804480729,909,60
DAX_40,123,3,GJR-GARCH,0.7960741254166693,0.8964572309629877,1.3463693087061257,0.0484048404840484,0.04919292551539911,0.8244736413246881,86.27807481089451,909,60
DAX_40,123,3,FI-GARCH,0.7338808756183155,0.6773990705996659,1.2963646988150437,0.050605060506050605,0.006979352216205825,0.9334201715211354,88.18536858773592,909,60
DAX_40,123,3,Autoformer,0.7791264295076371,0.7207763391340528,1.3257941770945687,0.045104510451045104,0.4735503936795453,0.4913583398551652,72.41811846300328,909,60
DAX_40,123,3,Informer,1.1512789007336932,1.4145799359343223,1.7046697456547075,0.027502750275027504,11.4936549269961,0.0006983417709308659,43.27113109632333,909,60
DAX_40,123,3,Reformer,0.6179232094601622,0.55390325659227,1.2039447201447255,0.056105610561056105,0.6874531161117261,0.4070320236289454,82.40580620863443,909,60
DAX_40,123,3,Transformer,1.196803270685529,1.51983192411372,1.7378479304376742,0.026402640264026403,12.777614502636197,0.0003507919846907903,45.303550926789256,909,60
DAX_40,123,3,GARCH-LSTM-Hybrid,0.7794488283267987,0.8127613428911942,1.3295376972913269,0.0429042904290429,1.0100650236203705,0.3148872618703825,77.37923277053272,909,60
DAX_40,123,5,GARCH,1.27989190426892,1.8752541476484128,1.7152823975477105,0.050716648291069456,0.009762695020469891,0.9212920257129992,75.409502425325,907,60
DAX_40,123,5,GJR-GARCH,1.2970767990161163,2.162035530566314,1.7168851289883813,0.05402425578831312,0.3016754046545884,0.5828339940208981,75.06510682881344,907,60
DAX_40,123,5,FI-GARCH,1.224080837500346,1.7587500534426264,1.6717700536593767,0.05622932745314223,0.7135058776794381,0.3982823965898641,83.52812344503144,907,60
DAX_40,123,5,Autoformer,1.2814919168466146,1.874781596506259,1.7083168963464737,0.05292171995589857,0.1600785262453428,0.6890842298884221,106.14073256033004,907,60
DAX_40,123,5,Informer,1.762211212489844,3.1944899267745015,2.1258406069954123,0.03528114663726571,4.590625081818871,0.03214728818795731,100.19983104235934,907,60
DAX_40,123,5,Reformer,1.0601608691522093,1.4581847318105772,1.5359792409841626,0.06284454244762955,2.923313791687292,0.08730839428612303,108.9116561298568,907,60
DAX_40,123,5,Transformer,1.8209971916283834,3.4030198870656694,2.162941357549488,0.034178610804851156,5.35144621711504,0.020705089938150678,94.52256350885756,907,60
DAX_40,123,5,GARCH-LSTM-Hybrid,1.2823478350297048,2.0204910433915777,1.7002424698462997,0.05181918412348401,0.06247961834168336,0.8026188751149959,109.26544079302624,907,60
DAX_40,123,10,GARCH,2.207504143275539,5.4405887724416555,2.3145447433751087,0.03215077605321508,6.888608308982668,0.008674677893113603,101.76849547790604,902,60
DAX_40,123,10,GJR-GARCH,2.2318199635204974,6.025374397113362,2.306475529785437,0.03991130820399113,2.070140581129465,0.15020767494526477,112.93363590298412,902,60
DAX_40,123,10,FI-GARCH,2.1288184185307477,5.143170903112585,2.2653962596868977,0.041019955654102,1.6269658683085026,0.20212322572117103,109.2181669536281,902,60
DAX_40,123,10,Autoformer,2.2075457302891213,5.459501234909969,2.305554770505468,0.037694013303769404,3.1316917897529493,0.07678401970465032,131.0987813624913,902,60
DAX_40,123,10,Informer,2.885552577316517,8.415298946550164,2.751715800650688,0.02771618625277162,11.167513704709222,0.0008324210691879053,119.9668704391347,902,60
DAX_40,123,10,Reformer,1.8959579919800609,4.35175932501265,2.0963731913053256,0.057649667405764965,1.0613035713619752,0.30291805878867906,132.35807767873342,902,60
DAX_40,123,10,Transformer,2.968679166925428,8.899057081247353,2.791753320526117,0.025498891352549888,13.789285987106382,0.00020449912069475662,118.75083072484642,902,60
DAX_40,123,10,GARCH-LSTM-Hybrid,2.2107263639644215,5.740888574135154,2.289909121970273,0.03547671840354767,4.437889596617879,0.03514967161512672,109.50301103307592,902,60
DAX_40,123,21,GARCH,3.6328964526680148,14.57969410368721,3.007446293204593,0.012345679012345678,37.64079154002246,8.50472137159386e-10,55.168560537760136,891,60
DAX_40,123,21,GJR-GARCH,3.6667752806054144,15.82274723014711,2.9935913786318555,0.013468013468013467,34.85502607108056,3.5519145402673757e-09,40.22756638408768,891,60
DAX_40,123,21,FI-GARCH,3.5200507659515377,13.85198020808821,2.9557106978595074,0.01122334455667789,40.61089918839103,1.8576762350619447e-10,47.062772222478735,891,60
DAX_40,123,21,Autoformer,3.638154245146462,14.741267070567197,3.0014193312910025,0.02132435465768799,19.480998559542797,1.016054064639782e-05,90.7918978649185,891,60
DAX_40,123,21,Informer,4.610144547231594,21.341341156038574,3.4583587166328194,0.017957351290684626,25.28356841645717,4.949069155602004e-07,108.48326178167866,891,60
DAX_40,123,21,Reformer,3.1831719145552295,11.931828283958312,2.770859964003579,0.03254769921436588,6.4835864007089015,0.010887508737278506,101.32499367241371,891,60
DAX_40,123,21,Transformer,4.730721822468517,22.463991141296194,3.499981655189076,0.016835016835016835,27.462947574250165,1.6013320114360852e-07,86.598379863726,891,60
DAX_40,123,21,GARCH-LSTM-Hybrid,3.6456990132194513,15.31157108725571,2.982573936163881,0.02244668911335578,17.77005463151002,2.4927591182999365e-05,65.29260924115128,891,60
DAX_40,202,1,GARCH,0.1498371929429789,0.045240546525740506,0.8757132086369002,0.059275521405049394,1.561502821984675,0.21144531384812915,3.9479881515268858,911,60
DAX_40,202,1,GJR-GARCH,0.2257287834359203,0.0993237529049432,0.9555417305603672,0.059275521405049394,1.561502821984675,0.21144531384812915,6.011411983197775,911,60
DAX_40,202,1,FI-GARCH,0.15472913214583794,0.050471169463679966,0.8802157815970523,0.06147091108671789,2.359290477310992,0.12453882126191607,3.3210215637464557,911,60
DAX_40,202,1,Autoformer,0.1520807219437001,0.039064303410705874,0.8735696253036274,0.0570801317233809,0.9212321012019515,0.3371516705674903,6.889124290833593,911,60
DAX_40,202,1,Informer,0.3607937976036376,0.1567122835845957,1.0520242468678282,0.029637760702524697,9.25420594904827,0.002349551869436972,11.359032692601176,911,60
DAX_40,202,1,Reformer,0.22369646381630337,0.0775752549216128,0.9476896245537588,0.04939626783754116,0.0070174009191532605,0.933239357546189,10.59852836708285,911,60
DAX_40,202,1,Transformer,0.3130973976917137,0.11966334875971439,1.0100695498536267,0.04061470911086718,1.8001302063381672,0.17969675436484012,8.823430017567034,911,60
DAX_40,202,1,GARCH-LSTM-Hybrid,0.250013137075221,0.10021020543374458,0.9745441700837489,0.04939626783754116,0.0070174009191532605,0.933239357546189,7.630632901240745,911,60
DAX_40,202,3,GARCH,0.7779286008334813,0.7273205106517168,1.3319037414659802,0.047304730473047306,0.14145177000830245,0.7068420008606386,74.5975804480729,909,60
DAX_40,202,3,GJR-GARCH,0.7960741254166693,0.8964572309629877,1.3463693087061257,0.0484048404840484,0.04919292551539911,0.8244736413246881,86.27807481089451,909,60
DAX_40,202,3,FI-GARCH,0.7338808756183155,0.6773990705996659,1.2963646988150437,0.050605060506050605,0.006979352216205825,0.9334201715211354,88.18536858773592,909,60
DAX_40,202,3,Autoformer,0.7991316887961398,0.7570219639259793,1.340683635604265,0.04400440044004401,0.7156543555917096,0.39757306941806425,67.80532121450665,909,60
DAX_40,202,3,Informer,1.143693636025712,1.3971630026286177,1.6990470124015218,0.027502750275027504,11.4936549269961,0.0006983417709308659,43.27113109632333,909,60
DAX_40,202,3,Reformer,0.8423397195983455,0.9104500707234859,1.3814288513441115,0.045104510451045104,0.4735503936795453,0.4913583398551652,79.56673329017983,909,60
DAX_40,202,3,Transformer,1.021039567585781,1.1227822050520004,1.604273001437141,0.0374037403740374,3.313995364952575,0.06869229431053914,53.38043300482238,909,60
DAX_40,202,3,GARCH-LSTM-Hybrid,0.8437714326762219,0.9829818041427518,1.379719499161073,0.04400440044004401,0.7156543555917096,0.39757306941806425,67.80532121450665,909,60
DAX_40,202,5,GARCH,1.27989190426892,1.8752541476484128,1.7152823975477105,0.050716648291069456,0.009762695020469891,0.9212920257129992,75.409502425325,907,60
DAX_40,202,5,GJR-GARCH,1.2970767990161163,2.162035530566314,1.7168851289883813,0.05402425578831312,0.3016754046545884,0.5828339940208981,75.06510682881344,907,60
DAX_40,202,5,FI-GARCH,1.224080837500346,1.7587500534426264,1.6717700536593767,0.05622932745314223,0.7135058776794381,0.3982823965898641,83.52812344503144,907,60
DAX_40,202,5,Autoformer,1.307570540593877,1.9518054643988691,1.7261063321720418,0.05292171995589857,0.1600785262453428,0.6890842298884221,106.14073256033004,907,60
DAX_40,202,5,Informer,1.7524192659159674,3.160063030175853,2.1195669460786366,0.03528114663726571,4.590625081818871,0.03214728818795731,100.19983104235934,907,60
DAX_40,202,5,Reformer,1.3629627642202862,2.225805764745413,1.7601409276564834,0.05292171995589857,0.1600785262453428,0.6890842298884221,113.97916875042998,907,60
DAX_40,202,5,Transformer,1.5941094356951344,2.619116687839437,2.014262156780257,0.03638368246968027,3.8945998378076183,0.048441577912268996,105.85311902771096,907,60
DAX_40,202,5,GARCH-LSTM-Hybrid,1.3658184296684135,2.3511153956357758,1.7531138691538102,0.047409040793825796,0.1303381615272201,0.7180816788549121,98.03038032222534,907,60
DAX_40,202,10,GARCH,2.207504143275539,5.4405887724416555,2.3145447433751087,0.03215077605321508,6.888608308982668,0.008674677893113603,101.76849547790604,902,60
DAX_40,202,10,GJR-GARCH,2.2318199635204974,6.025374397113362,2.306475529785437,0.03991130820399113,2.070140581129465,0.15020767494526477,112.93363590298412,902,60
DAX_40,202,10,FI-GARCH,2.1288184185307477,5.143170903112585,2.2653962596868977,0.041019955654102,1.6269658683085026,0.20212322572117103,109.2181669536281,902,60
DAX_40,202,10,Autoformer,2.2444281612080546,5.64713377015879,2.325494152523023,0.037694013303769404,3.1316917897529493,0.07678401970465032,131.0987813624913,902,60
DAX_40,202,10,Informer,2.8717040502873274,8.335550706425176,2.7449530977009475,0.02771618625277162,11.167513704709222,0.0008324210691879053,119.9668704391347,902,60
DAX_40,202,10,Reformer,2.3240539901646495,6.2346079635328175,2.3554979216615775,0.03436807095343681,5.187255945626305,0.022753115091660225,94.32337358125872,902,60
DAX_40,202,10,Transformer,2.6479496596292154,7.085952119827667,2.631819093707668,0.028824833702882482,9.98174709649794,0.0015809960422474845,126.4933591804018,902,60
DAX_40,202,10,GARCH-LSTM-Hybrid,2.32946140566338,6.500324437827504,2.345263885564425,0.036585365853658534,3.753332275192122,0.05270234550928543,125.30060954318961,902,60
DAX_40,202,21,GARCH,3.6328964526680148,14.57969410368721,3.007446293204593,0.012345679012345678,37.64079154002246,8.50472137159386e-10,55.168560537760136,891,60
DAX_40,202,21,GJR-GARCH,3.6667752806054144,15.82274723014711,2.9935913786318555,0.013468013468013467,34.85502607108056,3.5519145402673757e-09,40.22756638408768,891,60
DAX_40,202,21,FI-GARCH,3.5200507659515377,13.85198020808821,2.9557106978595074,0.01122334455667789,40.61089918839103,1.8576762350619447e-10,47.062772222478735,891,60
DAX_40,202,21,Autoformer,3.6918359361813398,15.191794270612462,3.022536378114346,0.02132435465768799,19.480998559542797,1.016054064639782e-05,90.7918978649185,891,60
DAX_40,202,21,Informer,4.59007569719114,21.156677964157378,3.4513395364539594,0.017957351290684626,25.28356841645717,4.949069155602004e-07,108.48326178167866,891,60
DAX_40,202,21,Reformer,3.8076085520551373,16.491231798852997,3.050150044249358,0.019079685746352413,23.231556481079167,1.4362120126509836e-06,65.55127701605598,891,60
DAX_40,202,21,Transformer,4.266214984421911,18.271045653879387,3.334213202587802,0.019079685746352413,23.231556481079167,1.4362120126509836e-06,116.15232506173997,891,60
DAX_40,202,21,GARCH-LSTM-Hybrid,3.8181484558381906,17.065802460835553,3.0391811835786013,0.020202020202020204,21.299547875832104,3.92824137163128e-06,52.30422482162054,891,60
DAX_40,303,1,GARCH,0.1498371929429789,0.045240546525740506,0.8757132086369002,0.059275521405049394,1.561502821984675,0.21144531384812915,3.9479881515268858,911,60
DAX_40,303,1,GJR-GARCH,0.2257287834359203,0.0993237529049432,0.9555417305603672,0.059275521405049394,1.561502821984675,0.21144531384812915,6.011411983197775,911,60
DAX_40,303,1,FI-GARCH,0.15472913214583794,0.050471169463679966,0.8802157815970523,0.06147091108671789,2.359290477310992,0.12453882126191607,3.3210215637464557,911,60
DAX_40,303,1,Autoformer,0.16235828948123934,0.043995587012202325,0.8783108391272924,0.0570801317233809,0.9212321012019515,0.3371516705674903,6.889124290833593,911,60
DAX_40,303,1,Informer,0.3615193063914447,0.15735251140914552,1.0526833993224676,0.029637760702524697,9.25420594904827,0.002349551869436972,11.359032692601176,911,60
DAX_40,303,1,Reformer,0.2464027733355465,0.09559523182443451,1.0342488096252573,0.05817782656421515,1.2213329159839077,0.2690992252686968,4.285643299558956,911,60
DAX_40,303,1,Transformer,0.3582917111098889,0.15448813276270681,1.0496807835114859,0.030735455543358946,8.203563236198448,0.004180820211412528,15.12525141030801,911,60
DAX_40,303,1,GARCH-LSTM-Hybrid,0.2324899549413978,0.08509734143677285,0.9680750837079335,0.054884742041712405,0.4441586504839279,0.5051220513690519,10.634741695503465,911,60
DAX_40,303,3,GARCH,0.7779286008334813,0.7273205106517168,1.3319037414659802,0.047304730473047306,0.14145177000830245,0.7068420008606386,74.5975804480729,909,60
DAX_40,303,3,GJR-GARCH,0.7960741254166693,0.8964572309629877,1.3463693087061257,0.0484048404840484,0.04919292551539911,0.8244736413246881,86.27807481089451,909,60
DAX_40,303,3,FI-GARCH,0.7338808756183155,0.6773990705996659,1.2963646988150437,0.050605060506050605,0.006979352216205825,0.9334201715211354,88.18536858773592,909,60
DAX_40,303,3,Autoformer,0.8327555809146925,0.8208878738134918,1.3678894765923006,0.041804180418041806,1.3580622148249972,0.24387359915601103,65.43195554765421,909,60
DAX_40,303,3,Informer,1.1458269006524113,1.4020449704882767,1.700628084043256,0.027502750275027504,11.4936549269961,0.0006983417709308659,43.27113109632333,909,60
DAX_40,303,3,Reformer,0.7523242790405565,0.812551995439157,1.311624451917127,0.052805280528052806,0.1480036535985505,0.7004504850926199,83.03307535453922,909,60
DAX_40,303,3,Transformer,1.1369150217752737,1.3813485243534926,1.693930359619731,0.028602860286028604,10.291979142275636,0.0013360970642121162,41.35021970711941,909,60
DAX_40,303,3,GARCH-LSTM-Hybrid,0.782902939006503,0.8682568983545418,1.3248525579358021,0.045104510451045104,0.4735503936795453,0.4913583398551652,72.41811846300328,909,60
DAX_40,303,5,GARCH,1.27989190426892,1.8752541476484128,1.7152823975477105,0.050716648291069456,0.009762695020469891,0.9212920257129992,75.409502425325,907,60
DAX_40,303,5,GJR-GARCH,1.2970767990161163,2.162035530566314,1.7168851289883813,0.05402425578831312,0.3016754046545884,0.5828339940208981,75.06510682881344,907,60
DAX_40,303,5,FI-GARCH,1.224080837500346,1.7587500534426264,1.6717700536593767,0.05622932745314223,0.7135058776794381,0.3982823965898641,83.52812344503144,907,60
DAX_40,303,5,Autoformer,1.3514096141886593,2.083741218818846,1.7578130999473187,0.05181918412348401,0.06247961834168336,0.8026188751149959,101.50156002092467,907,60
DAX_40,303,5,Informer,1.755173251576945,3.1697201780668265,2.1213323380450464,0.03528114663726571,4.590625081818871,0.03214728818795731,100.19983104235934,907,60
DAX_40,303,5,Reformer,1.2333863949887012,1.985264672876565,1.6595634050387196,0.05843439911797133,1.2915851292037246,0.25575603693561355,106.15151085344513,907,60
DAX_40,303,5,Transformer,1.7436702409106877,3.1290252702318604,2.113898013668143,0.03528114663726571,4.590625081818871,0.03214728818795731,100.19983104235934,907,60
DAX_40,303,5,GARCH-LSTM-Hybrid,1.286981475664208,2.1236996246796034,1.6886670290331485,0.05292171995589857,0.1600785262453428,0.6890842298884221,98.5678424532195,907,60
DAX_40,303,10,GARCH,2.207504143275539,5.4405887724416555,2.3145447433751087,0.03215077605321508,6.888608308982668,0.008674677893113603,101.76849547790604,902,60
DAX_40,303,10,GJR-GARCH,2.2318199635204974,6.025374397113362,2.306475529785437,0.03991130820399113,2.070140581129465,0.15020767494526477,112.93363590298412,902,60
DAX_40,303,10,FI-GARCH,2.1288184185307477,5.143170903112585,2.2653962596868977,0.041019955654102,1.6269658683085026,0.20212322572117103,109.2181669536281,902,60
DAX_40,303,10,Autoformer,2.3066629457641294,5.963190077977154,2.36066827115527,0.037694013303769404,3.1316917897529493,0.07678401970465032,131.0987813624913,902,60
DAX_40,303,10,Informer,2.8755986062376113,8.357931423078071,2.746856755698509,0.02771618625277162,11.167513704709222,0.0008324210691879053,119.9668704391347,902,60
DAX_40,303,10,Reformer,2.140311296260649,5.5985106203449195,2.2324207956203783,0.04434589800443459,0.6300701688052186,0.42732957669170735,116.1231716894089,902,60
DAX_40,303,10,Transformer,2.8593353787088676,8.264064368616745,2.738871381003261,0.02771618625277162,11.167513704709222,0.0008324210691879053,119.9668704391347,902,60
DAX_40,303,10,GARCH-LSTM-Hybrid,2.2182447205602003,5.972972495940328,2.273873381492014,0.038802660753880266,2.5711874655373776,0.10882601400638758,126.63104827554676,902,60
DAX_40,303,21,GARCH,3.6328964526680148,14.57969410368721,3.007446293204593,0.012345679012345678,37.64079154002246,8.50472137159386e-10,55.168560537760136,891,60
DAX_40,303,21,GJR-GARCH,3.6667752806054144,15.82274723014711,2.9935913786318555,0.013468013468013467,34.85502607108056,3.5519145402673757e-09,40.22756638408768,891,60
DAX_40,303,21,FI-GARCH,3.5200507659515377,13.85198020808821,2.9557106978595074,0.01122334455667789,40.61089918839103,1.8576762350619447e-10,47.062772222478735,891,60
DAX_40,303,21,Autoformer,3.782110847157064,15.93830554346894,3.0593981071477585,0.02132435465768799,19.480998559542797,1.016054064639782e-05,90.7918978649185,891,60
DAX_40,303,21,Informer,4.595718899978314,21.20851189643184,3.4533155493683423,0.017957351290684626,25.28356841645717,4.949069155602004e-07,108.48326178167866,891,60
DAX_40,303,21,Reformer,3.5388458304779813,14.864076366149842,2.9137869136127432,0.028058361391694726,10.661282677502669,0.0010940149934564047,36.72930159041675,891,60
DAX_40,303,21,Transformer,4.572171551504884,20.991878081097887,3.4450472842447075,0.017957351290684626,25.28356841645717,4.949069155602004e-07,108.48326178167866,891,60
DAX_40,303,21,GARCH-LSTM-Hybrid,3.655771326737967,15.837099919056598,2.9635532576976735,0.02132435465768799,19.480998559542797,1.016054064639782e-05,58.807625914509984,891,60
DAX_40,404,1,GARCH,0.1498371929429789,0.045240546525740506,0.8757132086369002,0.059275521405049394,1.561502821984675,0.21144531384812915,3.9479881515268858,911,60
DAX_40,404,1,GJR-GARCH,0.2257287834359203,0.0993237529049432,0.9555417305603672,0.059275521405049394,1.561502821984675,0.21144531384812915,6.011411983197775,911,60
DAX_40,404,1,FI-GARCH,0.15472913214583794,0.050471169463679966,0.8802157815970523,0.06147091108671789,2.359290477310992,0.12453882126191607,3.3210215637464557,911,60
DAX_40,404,1,Autoformer,0.1523919947413933,0.038595315192338754,0.8716760571465199,0.05817782656421515,1.2213329159839077,0.2690992252686968,6.440965731691165,911,60
DAX_40,404,1,Informer,0.3617022080032761,0.15751462887234247,1.052850234533335,0.029637760702524697,9.25420594904827,0.002349551869436972,11.359032692601176,911,60
DAX_40,404,1,Reformer,0.24592140821173702,0.09589081224888706,0.9764905284305115,0.05378704720087816,0.2687193638324743,0.6041921302714617,5.807886740750462,911,60
DAX_40,404,1,Transformer,0.3147578229295069,0.11750001755249502,1.0003295922468558,0.03402854006586169,5.484204104035257,0.019189054233033853,12.718232601023715,911,60
DAX_40,404,1,GARCH-LSTM-Hybrid,0.21724273881069037,0.07617135527228207,0.9339315895634911,0.052689352360043906,0.13641942360538906,0.7118668603080052,11.877969269835205,911,60
DAX_40,404,3,GARCH,0.7779286008334813,0.7273205106517168,1.3319037414659802,0.047304730473047306,0.14145177000830245,0.7068420008606386,74.5975804480729,909,60
DAX_40,404,3,GJR-GARCH,0.7960741254166693,0.8964572309629877,1.3463693087061257,0.0484048404840484,0.04919292551539911,0.8244736413246881,86.27807481089451,909,60
DAX_40,404,3,FI-GARCH,0.7338808756183155,0.6773990705996659,1.2963646988150437,0.050605060506050605,0.006979352216205825,0.9334201715211354,88.18536858773592,909,60
DAX_40,404,3,Autoformer,0.8047879414841745,0.758177528841684,1.348346709282486,0.041804180418041806,1.3580622148249972,0.24387359915601103,72.56407801630459,909,60
DAX_40,404,3,Informer,1.1463643310802691,1.4032768638026787,1.7010264317554118,0.027502750275027504,11.4936549269961,0.0006983417709308659,43.27113109632333,909,60
DAX_40,404,3,Reformer,0.8195957462066676,0.9222568288395302,1.36377196250777,0.0462046204620462,0.2825359051539067,0.5950438915614169,63.39406738981023,909,60
DAX_40,404,3,Transformer,1.1237447549454072,1.3150673643326167,1.6619483389395566,0.034103410341034104,5.417669791573587,0.01993394679440441,59.894671073014166,909,60
DAX_40,404,3,GARCH-LSTM-Hybrid,0.8178035422210949,0.8975098892578673,1.349808123910079,0.04400440044004401,0.7156543555917096,0.39757306941806425,74.85098829865552,909,60
DAX_40,404,5,GARCH,1.27989190426892,1.8752541476484128,1.7152823975477105,0.050716648291069456,0.009762695020469891,0.9212920257129992,75.409502425325,907,60
DAX_40,404,5,GJR-GARCH,1.2970767990161163,2.162035530566314,1.7168851289883813,0.05402425578831312,0.3016754046545884,0.5828339940208981,75.06510682881344,907,60
DAX_40,404,5,FI-GARCH,1.224080837500346,1.7587500534426264,1.6717700536593767,0.05622932745314223,0.7135058776794381,0.3982823965898641,83.52812344503144,907,60
DAX_40,404,5,Autoformer,1.3153441933383991,1.9548790730337289,1.735649158385296,0.05292171995589857,0.1600785262453428,0.6890842298884221,106.14073256033004,907,60
DAX_40,404,5,Informer,1.7558670712758913,3.172156207006615,2.121776982015355,0.03528114663726571,4.590625081818871,0.03214728818795731,100.19983104235934,907,60
DAX_40,404,5,Reformer,1.33197371932406,2.2251374689984433,1.7336551372658586,0.05402425578831312,0.3016754046545884,0.5828339940208981,95.73273325718384,907,60
DAX_40,404,5,Transformer,1.727102720617576,3.0438602173836373,2.0857238890374843,0.03307607497243661,6.179077780683656,0.012926963596420649,98.13645144245629,907,60
DAX_40,404,5,GARCH-LSTM-Hybrid,1.3323200371943185,2.2011233822301906,1.7252588308450651,0.05181918412348401,0.06247961834168336,0.8026188751149959,101.50156002092467,907,60
DAX_40,404,10,GARCH,2.207504143275539,5.4405887724416555,2.3145447433751087,0.03215077605321508,6.888608308982668,0.008674677893113603,101.76849547790604,902,60
DAX_40,404,10,GJR-GARCH,2.2318199635204974,6.025374397113362,2.306475529785437,0.03991130820399113,2.070140581129465,0.15020767494526477,112.93363590298412,902,60
DAX_40,404,10,FI-GARCH,2.1288184185307477,5.143170903112585,2.2653962596868977,0.041019955654102,1.6269658683085026,0.20212322572117103,109.2181669536281,902,60
DAX_40,404,10,Autoformer,2.2555091835456706,5.6556601682022976,2.336534787994441,0.037694013303769404,3.1316917897529493,0.07678401970465032,131.0987813624913,902,60
DAX_40,404,10,Informer,2.876579815465702,8.36357551362707,2.7473361381653225,0.02771618625277162,11.167513704709222,0.0008324210691879053,119.9668704391347,902,60
DAX_40,404,10,Reformer,2.27992466879404,6.190518338486129,2.321898545940822,0.038802660753880266,2.5711874655373776,0.10882601400638758,98.4751907860769,902,60
DAX_40,404,10,Transformer,2.8374549427894626,8.153995267186515,2.714176696814932,0.024390243902439025,15.232249064421126,9.506607229115005e-05,100.05909884289322,902,60
DAX_40,404,10,GARCH-LSTM-Hybrid,2.282476155025119,6.186520989770372,2.3192362848087864,0.03547671840354767,4.437889596617879,0.03514967161512672,129.91295147858747,902,60
DAX_40,404,21,GARCH,3.6328964526680148,14.57969410368721,3.007446293204593,0.012345679012345678,37.64079154002246,8.50472137159386e-10,55.168560537760136,891,60
DAX_40,404,21,GJR-GARCH,3.6667752806054144,15.82274723014711,2.9935913786318555,0.013468013468013467,34.85502607108056,3.5519145402673757e-09,40.22756638408768,891,60
DAX_40,404,21,FI-GARCH,3.5200507659515377,13.85198020808821,2.9557106978595074,0.01122334455667789,40.61089918839103,1.8576762350619447e-10,47.062772222478735,891,60
DAX_40,404,21,Autoformer,3.7079905231933714,15.211736400924071,3.034394112286573,0.020202020202020204,21.299547875832104,3.92824137163128e-06,95.9175648348991,891,60
DAX_40,404,21,Informer,4.597140807237425,21.221583290381517,3.4538131575252784,0.017957351290684626,25.28356841645717,4.949069155602004e-07,108.48326178167866,891,60
DAX_40,404,21,Reformer,3.7387872293291,16.261634516080015,3.0103422995592286,0.020202020202020204,21.299547875832104,3.92824137163128e-06,52.30422482162054,891,60
DAX_40,404,21,Transformer,4.545498658266229,20.89739348755351,3.4235444979776313,0.014590347923681257,32.23839602122507,1.3636908158254357e-08,84.81484315957896,891,60
DAX_40,404,21,GARCH-LSTM-Hybrid,3.7507931204885265,16.392885674717384,3.014328932715887,0.020202020202020204,21.299547875832104,3.92824137163128e-06,62.022886482915,891,60
