index,metric,horizon,Vanilla,Autoformer,Informer,Reformer
IBEX_35,MAE,1,0.4138199,0.327189,0.371853,0.36952165
IBEX_35,MAE,3,0.50532764,0.35845235,0.3596098,0.29577354
IBEX_35,MAE,5,0.37824115,0.35835156,0.29732525,0.35041112
IBEX_35,MAE,10,0.36454293,0.3454973,0.30328035,0.28436148
IBEX_35,MAE,21,0.36696953,0.32930127,0.2790811,0.4397321
IBEX_35,MSE,1,0.25639844,0.17903073,0.20975387,0.17923626
IBEX_35,MSE,3,0.37927064,0.19371684,0.18248223,0.12122647
IBEX_35,MSE,5,0.21827434,0.18773076,0.13908967,0.15981932
IBEX_35,MSE,10,0.20948918,0.17300019,0.14481887,0.114209004
IBEX_35,MSE,21,0.2014929,0.15756498,0.1239232,0.23927748
IBEX_35,QLIKE,1,0.079962716,0.0754054,0.07041532,0.063643605
IBEX_35,QLIKE,3,0.10050773,0.069293246,0.063696474,0.046834454
IBEX_35,QLIKE,5,0.075962424,0.067356445,0.057132598,0.05890186
IBEX_35,QLIKE,10,0.088693514,0.06355671,0.06127611,0.044927027
IBEX_35,QLIKE,21,0.06964826,0.05948927,0.051327836,0.08137589
DAX_40,MAE,1,0.49717903,0.4271541,0.41812387,0.48487467
DAX_40,MAE,3,0.4520472,0.39092407,0.4269547,0.46156558
DAX_40,MAE,5,0.43041834,0.3987942,0.4272838,0.4367192
DAX_40,MAE,10,0.42016557,0.38740426,0.4126357,0.4485336
DAX_40,MAE,21,0.3994434,0.388335,0.4273573,0.4069597
DAX_40,MSE,1,0.50825524,0.3909147,0.43679547,0.5083408
DAX_40,MSE,3,0.4846184,0.35283875,0.43316907,0.47712064
DAX_40,MSE,5,0.4386892,0.3983093,0.44553167,0.43686444
DAX_40,MSE,10,0.39625153,0.34589732,0.42178452,0.45786586
DAX_40,MSE,21,0.35043928,0.3036108,0.4314095,0.4084678
DAX_40,QLIKE,1,0.17198251,0.11836214,0.16324794,0.19558735
DAX_40,QLIKE,3,0.1950812,0.10189845,0.16335762,0.17166828
DAX_40,QLIKE,5,0.15068416,0.1386852,0.17235142,0.14821534
DAX_40,QLIKE,10,0.12007358,0.103282385,0.16136824,0.17236814
DAX_40,QLIKE,21,0.11033861,0.089038216,0.18533541,0.15912044
KOSPI_index,MAE,1,0.38771075,0.41840965,0.37445426,0.38571757
KOSPI_index,MAE,3,0.38333482,0.39233217,0.3687185,0.39714727
KOSPI_index,MAE,5,0.373692,0.382383,0.3957558,0.3661589
KOSPI_index,MAE,10,0.3970633,0.3875091,0.35808825,0.3691133
KOSPI_index,MAE,21,0.37971005,0.368885,0.39467883,0.36450982
KOSPI_index,MSE,1,0.20696442,0.24591303,0.19598566,0.20719902
KOSPI_index,MSE,3,0.20350413,0.20506403,0.19176565,0.22027253
KOSPI_index,MSE,5,0.19442552,0.19417772,0.2127809,0.19180611
KOSPI_index,MSE,10,0.21347208,0.20529284,0.17694844,0.1904385
KOSPI_index,MSE,21,0.19681269,0.18313023,0.21017534,0.18850389
KOSPI_index,QLIKE,1,0.12721087,0.13491118,0.11999582,0.13165452
KOSPI_index,QLIKE,3,0.124740556,0.116050966,0.11832152,0.14757176
KOSPI_index,QLIKE,5,0.116078585,0.11585452,0.13721748,0.1175222
KOSPI_index,QLIKE,10,0.13327962,0.11075034,0.102830164,0.1169369
KOSPI_index,QLIKE,21,0.11068891,0.10528695,0.120899454,0.11052792
SMI,MAE,1,0.24053715,0.256569,0.24769415,0.27702653
SMI,MAE,3,0.24081615,0.23927225,0.2168343,0.25172314
SMI,MAE,5,0.21005587,0.21514508,0.2309624,0.2364837
SMI,MAE,10,0.19421618,0.20716518,0.20149514,0.23099321
SMI,MAE,21,0.19494753,0.18752454,0.19774134,0.2181141
SMI,MSE,1,0.13219708,0.13895804,0.12988609,0.15636425
SMI,MSE,3,0.122153826,0.11557042,0.09680907,0.13907798
SMI,MSE,5,0.09423888,0.09458819,0.104887776,0.116940245
SMI,MSE,10,0.076376095,0.08443425,0.0715749,0.10685429
SMI,MSE,21,0.06568106,0.071816504,0.07641454,0.09134277
SMI,QLIKE,1,0.0721001,0.07816633,0.08962334,0.07749603
SMI,QLIKE,3,0.063949786,0.06550237,0.059166256,0.06702128
SMI,QLIKE,5,0.052811965,0.058318708,0.06835617,0.06309275
SMI,QLIKE,10,0.047033127,0.059408195,0.045009337,0.06573264
SMI,QLIKE,21,0.040555518,0.053404663,0.05578851,0.05723697
VN30_INDEX,MAE,1,0.3944159,0.40779197,0.3566854,0.40421546
VN30_INDEX,MAE,3,0.418373,0.37302354,0.35838962,0.38991335
VN30_INDEX,MAE,5,0.36326247,0.39664355,0.3724824,0.3745026
VN30_INDEX,MAE,10,0.3894031,0.3674315,0.36831358,0.36925843
VN30_INDEX,MAE,21,0.36676297,0.37146717,0.40149266,0.34691787
VN30_INDEX,MSE,1,0.2654369,0.28484774,0.20584054,0.26489785
VN30_INDEX,MSE,3,0.29942188,0.23426105,0.20905074,0.24470802
VN30_INDEX,MSE,5,0.2124392,0.2813267,0.24191354,0.22895631
VN30_INDEX,MSE,10,0.26046723,0.23467337,0.2299468,0.22560897
VN30_INDEX,MSE,21,0.21188527,0.23625153,0.2812156,0.19746242
VN30_INDEX,QLIKE,1,0.102637775,0.11677509,0.07105001,0.10087615
VN30_INDEX,QLIKE,3,0.12474482,0.08611013,0.07246863,0.09026308
VN30_INDEX,QLIKE,5,0.07410999,0.120262854,0.08883173,0.082368284
VN30_INDEX,QLIKE,10,0.09946296,0.08730284,0.08242004,0.08224116
VN30_INDEX,QLIKE,21,0.073433764,0.087215446,0.110728025,0.06826765
VN_INDEX,MAE,1,0.4334296,0.38693112,0.49740788,0.48271242
VN_INDEX,MAE,3,0.44236112,0.4030068,0.47292227,0.48365825
VN_INDEX,MAE,5,0.4458216,0.37023178,0.4373308,0.45669636
VN_INDEX,MAE,10,0.40895918,0.36953333,0.4430218,0.48386323
VN_INDEX,MAE,21,0.37215495,0.3429458,0.40046147,0.41412893
VN_INDEX,MSE,1,0.28708017,0.216451,0.37536225,0.3583391
VN_INDEX,MSE,3,0.29331848,0.23080958,0.34322417,0.37569952
VN_INDEX,MSE,5,0.29260606,0.21154998,0.2979071,0.3205261
VN_INDEX,MSE,10,0.2576836,0.20685308,0.30168715,0.35463378
VN_INDEX,MSE,21,0.22439627,0.1863534,0.25424996,0.25727794
VN_INDEX,QLIKE,1,0.11862077,0.08399779,0.19292323,0.13698548
VN_INDEX,QLIKE,3,0.11866897,0.08580189,0.16339464,0.13915598
VN_INDEX,QLIKE,5,0.13276576,0.08831083,0.13147876,0.12430254
VN_INDEX,QLIKE,10,0.11250462,0.083374746,0.12739728,0.15806445
VN_INDEX,QLIKE,21,0.09171528,0.07702927,0.10592594,0.10822317
snp500,MAE,1,0.3808007,0.3297248,0.40412328,0.38100263
snp500,MAE,3,0.3567365,0.32830006,0.39433873,0.36941692
snp500,MAE,5,0.3415324,0.3261378,0.37975,0.36926702
snp500,MAE,10,0.33683014,0.32111672,0.3593181,0.33518967
snp500,MAE,21,0.3112094,0.31029543,0.3174086,0.31498972
snp500,MSE,1,0.2892654,0.24738188,0.30323225,0.28200802
snp500,MSE,3,0.25475115,0.246953,0.28273243,0.2666137
snp500,MSE,5,0.23527992,0.24475628,0.2725673,0.26814735
snp500,MSE,10,0.23945427,0.24013267,0.24107102,0.23477407
snp500,MSE,21,0.21202536,0.22986686,0.19201057,0.21825726
snp500,QLIKE,1,0.15835929,0.119556576,0.17125422,0.15656205
snp500,QLIKE,3,0.1282376,0.119816706,0.14244993,0.14187703
snp500,QLIKE,5,0.11343602,0.11860004,0.14038594,0.14897059
snp500,QLIKE,10,0.120870866,0.116335645,0.117285036,0.12072752
snp500,QLIKE,21,0.101960085,0.11143266,0.08831891,0.11226982
EuroNext_100,MAE,1,0.22765592,0.27535933,0.293002,0.26024795
EuroNext_100,MAE,3,0.26123288,0.26625767,0.31127155,0.27335364
EuroNext_100,MAE,5,0.25832227,0.24481381,0.2860073,0.29758316
EuroNext_100,MAE,10,0.21297038,0.23399943,0.2883622,0.25906113
EuroNext_100,MAE,21,0.2348383,0.22164802,0.24752446,0.25606105
EuroNext_100,MSE,1,0.09474054,0.13819025,0.14200233,0.09267874
EuroNext_100,MSE,3,0.093929276,0.12880225,0.14475676,0.09854902
EuroNext_100,MSE,5,0.09334711,0.107030295,0.12794259,0.112339884
EuroNext_100,MSE,10,0.080771185,0.09242288,0.12019728,0.09056215
EuroNext_100,MSE,21,0.08019873,0.080866806,0.09016714,0.0883793
EuroNext_100,QLIKE,1,0.060902126,0.08327654,0.09404081,0.054138403
EuroNext_100,QLIKE,3,0.054747812,0.07515444,0.08134009,0.057123158
EuroNext_100,QLIKE,5,0.05451073,0.06491683,0.08053253,0.063398995
EuroNext_100,QLIKE,10,0.05049709,0.057306733,0.06780047,0.053622007
EuroNext_100,QLIKE,21,0.048641685,0.049107727,0.054269984,0.05279206
Nikkei_225,MAE,1,0.34553233,0.34715822,0.37415537,0.38643396
Nikkei_225,MAE,3,0.34005806,0.34686318,0.3601146,0.38911974
Nikkei_225,MAE,5,0.3430767,0.34142563,0.37386596,0.3826267
Nikkei_225,MAE,10,0.3015265,0.3133135,0.34405845,0.35669488
Nikkei_225,MAE,21,0.31655604,0.3140944,0.35761213,0.31709394
Nikkei_225,MSE,1,0.28715616,0.28369507,0.30403927,0.28732207
Nikkei_225,MSE,3,0.27435446,0.25785643,0.37176242,0.31140533
Nikkei_225,MSE,5,0.27164978,0.26674744,0.30566314,0.29371634
Nikkei_225,MSE,10,0.20878278,0.2589514,0.27617118,0.25195828
Nikkei_225,MSE,21,0.24264015,0.22312264,0.2701903,0.23833452
Nikkei_225,QLIKE,1,0.084956564,0.0776562,0.083386205,0.0735941
Nikkei_225,QLIKE,3,0.07966414,0.06569932,0.14522012,0.085029125
Nikkei_225,QLIKE,5,0.080843754,0.07158345,0.087248944,0.0784269
Nikkei_225,QLIKE,10,0.0525148,0.06871702,0.07795069,0.06464379
Nikkei_225,QLIKE,21,0.06367789,0.05434258,0.08013376,0.06213408
